"Ontology","Topics","Semantic.Similarity","Description"
"BP","Regulation and Communication in Cardiac Conduction and Extracellular Matrix Dynamics",0.366,"Regulation of cell communication crucial for cardiac conduction and extracellular matrix dynamics. It details the mechanisms of communication between cardiac cells, such as those in the SA node, atrial muscle cells, and the Purkinje fibers, essential for synchronized heart contractions. Additionally, it covers processes that positively or negatively regulate extracellular matrix disassembly, crucial for tissue remodeling. These insights into cell signaling and matrix regulation highlight their significance in maintaining cardiac function and tissue integrity."
"BP","Regulation of Biological Processes by pH, Photoperiod, and Cellular Signaling",0.323,"Biological regulation encompasses diverse processes, including responses to environmental stimuli like light duration and pH changes. Long-day and short-day photoperiodism affect organismal behavior and physiology based on day length relative to a critical threshold. Cellular responses to pH variations, whether acidic or alkaline, involve adaptations in intracellular functions and lysosomal pH regulation. Additionally, mechanisms like replication fork protection and phospholipase C signaling influence cellular stability and synaptic plasticity. These integrated processes ensure optimal biological function and adaptation."
"BP","Cellular Responses to Various Stimuli and Stressors",0.312,"Cells respond to a wide range of stimuli, from chemicals like organophosphorus and fungicides to biological signals such as interleukins and prostaglandins. These responses include changes in movement, secretion, enzyme production, and gene expression. For example, exposure to lipid hydroperoxides or alcohol can alter cellular activities, while interactions with hormones like human chorionic gonadotropin or stressors like starvation can trigger significant physiological changes. Additionally, responses to substances such as cocaine, mycotoxins, and alkaloids highlight the cell's adaptability to environmental challenges and internal stressors."
"BP","Regulation and Mechanisms of Apoptosis, Necroptosis, and Phototransduction",0.311,"Apoptosis and necroptosis are programmed cell death processes with distinct mechanisms: apoptosis involves caspase activation and cell fragmentation, while necroptosis features cell swelling and membrane rupture. Additionally, phototransduction processes convert visible light into molecular signals, crucial for visual perception. Regulation of these processes, including the modulation of apoptotic pathways in cardiac and muscle cells, impacts cellular responses to environmental stimuli like UV and gamma radiation. Understanding these mechanisms is key to deciphering cellular responses and disease pathways."
"BP","Regulation of Cellular Processes: Proliferation, Differentiation, and Signal Transduction",0.299,"Various biological processes involve the positive regulation of key cellular functions. These include the proliferation of fibroblasts and embryonic cell cycles, mitochondrial RNA catabolism, and macrophage fusion. Additionally, pathways such as calcineurin signaling, filopodium assembly, and protein oligomerization are essential for cellular responses. Enhancements in interleukin-18 production, dopamine secretion, and granzyme B production are crucial for immune and neuronal functions. Other regulated processes involve cholesterol biosynthesis, blood vessel endothelial cell migration, and nuclear division, impacting overall cellular health and function."
"BP","Regulation of Molybdopterin Cofactor and Related Biological Processes",0.29,"Molybdopterin cofactor (Moco) is crucial for the activity of enzymes like sulfite oxidase and xanthine dehydrogenase. This cofactor, composed of molybdenum or tungsten ions and molybdopterin ligands, is essential for various metabolic processes. Regulation of Moco formation impacts several biological processes, including nitrogen utilization, mononuclear cell migration, and synaptic transmission. Additionally, Moco's synthesis and functionality influence enzyme activities and signaling pathways crucial for cellular functions and overall homeostasis. Understanding these regulatory mechanisms provides insight into maintaining physiological balance and addressing metabolic disorders."
"BP","Regulation and Roles of ERBB and Canonical Wnt Signaling Pathways in Development",0.29,"The roles and regulation of ERBB and canonical Wnt signaling pathways in various developmental processes. The ERBB2, ERBB3, and ERBB4 signaling pathways involve receptor interactions that influence cellular responses, such as growth and differentiation. In parallel, the canonical Wnt signaling pathway regulates essential processes including kidney development, heart formation, osteoblast differentiation, and cell fate decisions. The pathways modulate key developmental transitions through mechanisms like beta-catenin stabilization, impacting gene transcription and cellular behavior. Understanding these pathways provides insight into developmental biology and disease mechanisms."
"BP","Regulation of Interferon Production and Macromolecule Metabolism",0.288,"Complex regulation of interferon production across types I, II, and III, including both positive and negative aspects. Type I interferons (e.g., alpha, beta) and type III interferons (e.g., lambda) play crucial roles in immune response, with their production tightly regulated by cellular processes. Additionally, it addresses the regulation of macromolecule biosynthesis and catabolism, including the formation and breakdown of macromolecules like proteins and nucleic acids. Understanding these regulatory mechanisms is vital for insights into immune function and cellular metabolism."
"BP","Regulation of Post-Translational Modifications and Signaling Pathways",0.285,"The regulation and processes involved in various post-translational modifications and signaling pathways. Key areas include the phosphorylation and methylation of histidines and threonines, protein glycosylation (O-linked and N-linked), and the activation and regulation of JAK-STAT and SMAD signaling pathways. These modifications and signaling mechanisms are crucial for cellular functions, influencing protein activity, stability, and interactions. Understanding these processes is vital for insights into cellular regulation and potential therapeutic targets for related disorders."
"BP","Regulation and Mechanisms of Cell Adhesion",0.284,"Processes involved in cell adhesion, focusing on how cells attach to substrates and to each other through adhesion molecules. It includes the regulation of cell-substrate adhesion, such as positive and negative modulation, and the production of cell adhesion molecules. It also covers various forms of cell-cell adhesion, including homophilic and heterophilic interactions, and how these processes contribute to specific physiological and developmental functions, like heart morphogenesis and angiogenesis. Additionally, the topic addresses specialized adhesion contexts, such as neuron, leukocyte, and B cell adhesion, as well as tolerance induction to tumor cells and responses to bacterial lipopeptides. Key aspects include podosome assembly, calcium-independent adhesion, and the role of cell adhesion in communication between AV node cells and the bundle of His."
"BP","Signaling Pathways and Regulation: From Nitric Oxide to MAPK Cascades",0.283,"Cellular signal transduction encompasses various pathways that regulate cellular responses. Nitric oxide (NO) plays a critical role in signaling through pathways such as NO-cGMP and NO-mediated cascades, influencing processes from vasodilation to gene expression. Other key pathways include I-kappaB kinase/NF-kappaB signaling, calcineurin-NFAT cascade, and MAPK cascades like ERK, JNK, and p38MAPK. Additionally, the CAMKK-AMPK and STAT receptor signaling pathways are essential for metabolic and immune responses. Regulatory mechanisms can either enhance or inhibit these pathways, adjusting cellular activities accordingly."
"BP","Regulation of Cellular Processes: From Protein Cleavage to Immune Response",0.272,"Various cellular processes are intricately regulated to maintain homeostasis and respond to stimuli. Key regulatory mechanisms include the modulation of ectodomain proteolysis, which affects membrane protein function, and the regulation of endocytosis, influencing cellular uptake. Additionally, muscle contraction, granulocyte, and B cell differentiation are tightly controlled. Negative regulation targets processes such as glycolysis, T-helper cell differentiation, and stress-activated MAPK cascades. These regulatory pathways are essential for proper immune function, metabolic balance, and cellular responses, impacting overall organismal health and disease susceptibility."
"BP","Regulation of Enzyme Activities in Inositol Phosphate Signaling and Metabolism",0.271,"The regulation of various enzyme activities involved in inositol phosphate signaling and metabolism. It covers the modulation of inositol-polyphosphate 5-phosphatase, fructose 1,6-bisphosphate 1-phosphatase, and prostaglandin-endoperoxide synthase activities. Additionally, it includes the regulation of cyclic-nucleotide phosphodiesterases and phosphatidylinositol kinases. The balance of these enzymatic processes affects inositol phosphate biosynthesis and degradation, influencing cellular signaling pathways and metabolic functions. Understanding these regulatory mechanisms is crucial for comprehending how cells manage complex signaling networks and metabolic pathways."
"BP","Regulation of Cellular Processes: Adhesion, Differentiation, and Signal Transduction",0.264,"The positive and negative regulation of various cellular processes. It highlights mechanisms that enhance cell adhesion mediated by integrins and support B cell and T-helper cell differentiation. Key processes include the regulation of glutamate, prostaglandin, and dopamine secretion, as well as ARF protein signal transduction. Additionally, it covers the impact of regulatory factors on interleukins, asymmetric cell division, sterol biosynthesis, and fibroblast growth factor receptor signaling. The topic also addresses the negative regulation of telomere maintenance and viral RNA replication, emphasizing their role in cellular function and response."
"BP","Regulation and Effects of Respiratory Burst and Reactive Oxygen Species",0.259,"Processes involving respiratory burst, characterized by elevated metabolic activity and increased oxygen consumption leading to the production of reactive oxygen species (ROS) like hydrogen peroxide, superoxide anions, and hydroxyl radicals. It explores how respiratory burst plays a role in defense responses and inflammatory reactions, as well as its regulation, both positive and negative. Additionally, it addresses cellular responses to ROS, including changes in cell activity, oxidative stress-induced senescence, and programmed cell death."
"BP","Development and Regulation of Respiratory and Other Tissues",0.252,"The developmental processes of various tissues and organs, including the bronchial tree, lung connective tissue, and other structures like the cervix and hard palate. It includes the progression from initial formation to mature state, detailing specific structures such as the lobar bronchus, bronchioles, and lung lobes. It also covers the regulation of these developmental processes, including both positive and negative aspects, and the development of other important structures like the inner ear receptor cells and the dentate gyrus. Understanding these processes is crucial for insights into both normal development and developmental disorders."
"BP","Negative Regulation of Differentiation and Cellular Processes",0.244,"Negative regulation of various differentiation processes and cellular functions. It covers mechanisms that inhibit the differentiation of cells such as macrophages, monocytes, and glial cells, as well as striated muscle cells and chondrocytes. It also includes processes affecting gluconeogenesis, cholesterol transport, and epinephrine secretion. Additionally, the regulation of cellular signaling pathways, including small GTPase signaling and toll-like receptor pathways, is addressed. Understanding these regulatory mechanisms is crucial for comprehending how cellular differentiation and function are controlled in various biological contexts."
"BP","Regulation and Mechanisms of Fibroblast and Glial Cell Migration",0.243,"The regulation of fibroblast migration, including processes that either promote or inhibit this cell movement through pseudopodia extension. It also explores various types of cell migration in the cerebral cortex, such as radial glia-guided and tangential migration, and their role in brain development. Key processes include astrocyte differentiation, neuronal-glial interactions, and the modulation of microtubule cytoskeleton. Additionally, it addresses migration in other contexts, like trophoblast cells and telencephalon regionalization, highlighting their significance in development and tissue organization."
"BP","Regulation and Homeostasis of Pancreatic Function and Essential Ions",0.238,"The regulation of pancreatic juice secretion and the homeostatic processes for essential ions within multicellular organisms. It explores mechanisms governing pancreatic polypeptide (PP) cell differentiation and the balance of iron, copper, phosphate, and cadmium ions. It also covers tissue-specific homeostasis, including pancreatic function and the steady-state maintenance of intestinal and hematopoietic stem cells. These processes ensure proper pancreatic enzyme secretion, essential for digestion, and the balanced internal environment necessary for cellular and organismal health."
"BP","Regulation of Cholesterol Storage and Metabolism in Response to Hormonal Stimuli",0.236,"The regulation of cholesterol storage and metabolism, focusing on how various hormonal signals influence these processes. It examines the mechanisms controlling cholesterol storage, both positively and negatively, and explores the impact of hormones like cortisone, glucocorticoids, and gonadotropin-releasing hormone on cholesterol metabolism. The role of adrenal cortex development in these processes is also highlighted. Understanding these regulatory pathways is crucial for grasping how cholesterol homeostasis is maintained and how hormonal changes affect cholesterol dynamics and related metabolic processes."
"BP","Mechanisms and Regulation of Cell Fate Commitment and Specification",0.232,"Cells commit to specific developmental fates and differentiate into distinct cell types. It includes the role of positional information and protein signals in pattern specification, leading to cell fate decisions such as cardioblast, muscle, neuroblast, and stem cell differentiation. The regulation of these processes, including positive and negative modulation, as well as lateral inhibition, is crucial for proper tissue development. Key aspects involve how cells autonomously determine their fate and how various factors influence this commitment."
"BP","Adaptive Immune Response and Isotype Switching Mechanisms",0.231,"The adaptive immune response involves somatic recombination of immunoglobulin superfamily domains to produce antigen-specific receptors on T and B cells. Upon initial antigen exposure, a primary immune response is slow, but memory cells enable a quicker, stronger secondary response. Isotype switching, including IgA, IgE, and IgG, is crucial for tailoring immune responses. This process involves intrachromosomal deletions between switch regions of the immunoglobulin heavy chain locus. Additionally, adaptive responses involve muscle adaptations and regulation of inflammatory responses, from acute to chronic, influenced by various stimuli and cytokines."
"BP","Regulation of Cellular Processes: Immunity, Proliferation, and Metabolism",0.23,"The regulation of various cellular processes, focusing on factors influencing immune responses, cell proliferation, and metabolic pathways. It explores both positive and negative regulatory mechanisms, such as the modulation of plasminogen activation, megakaryocyte differentiation, and eosinophil degranulation. It also addresses the regulation of immunity, including B cell and leukocyte-mediated responses, and highlights the impact of factors like mitochondrial membrane potential and histone methylation on cellular functions. Understanding these regulatory mechanisms is crucial for insights into disease processes and therapeutic development."
"BP","Differentiation and Maturation of Various Epithelial and Specialized Cells",0.227,"Processes of differentiation and maturation across various cell types, including columnar/cuboidal epithelial cells, glandular epithelial cells, and specialized cells such as macrophage-derived foam cells, Leydig cells, and Purkinje myocytes. It encompasses the mechanisms that drive these cells from a less specialized state to their mature, functional forms. Key processes include regulation of cell morphogenesis, positive and negative regulation of differentiation, and specialized cell development, highlighting their importance in tissue formation and function."
"BP","Morphogenesis and Development of Animal Organs and Anatomical Structures",0.226,"Various processes involved in the formation and maturation of animal organs and anatomical structures, including both embryonic and post-embryonic stages. It covers organ morphogenesis, including the development of specific structures like rhombomeres, sensory organs, and heart trabeculae. Key aspects include the regulation of dendritic spine morphogenesis and anatomical structure homeostasis. These processes involve shaping, organizing, and maintaining diverse tissues and organs, essential for functional stability and development throughout an organism's life."
"BP","Regulation and Formation of Neural Crest, Heart Valves, and Sexual Characteristics",0.226,"Processes involved in the regulation and formation of neural crest cells, heart valves, and primary sexual characteristics. It covers the development stages of neural crest formation, including its negative regulation and progression. Additionally, it includes the formation of heart valves such as the atrioventricular, tricuspid, aortic, mitral, and pulmonary valves, as well as the development of primary male and female sexual characteristics. Key aspects include the interactions between these processes and their contributions to overall embryonic and organ development."
"BP","Regulation and Pathways of Ketone, Carbohydrate, and Biogenic Amine Metabolism",0.224,"Various metabolic processes and their regulation. Key areas include the biosynthesis and catabolism of ketones, which are organic compounds with a carbonyl group, and the breakdown and formation of carbohydrates. Additionally, it covers the metabolism of pyridine-containing compounds, sphingolipids, and biogenic amines such as catecholamines. Processes involving the transport of organic hydroxy compounds and the synthesis of putrescine from arginine are also included. Understanding these pathways is crucial for insights into cellular energy management and biochemical regulation."
"BP","Cellular Cytoskeleton Organization: Actin, Intermediate Filaments, and Organelles",0.221,"Cellular processes involved in the organization and assembly of various cytoskeletal structures, including actin filaments and intermediate filaments, as well as organelles. It encompasses actin filament dynamics in different contexts like postsynaptic and presynaptic regions, lamellipodia formation, and stereocilium organization in auditory and vestibular cells. Additionally, it covers intermediate filament polymerization and cytoskeleton organization, actomyosin structure formation, and the assembly of dense core granules. Key aspects include cellular component biogenesis and the intricate organization of the nuclear matrix and mitochondrial nucleoids."
"BP","Regulation of Ubiquitin-Dependent Protein Catabolism and Deubiquitination",0.221,"Ubiquitin-dependent protein catabolism involves various pathways where ubiquitin tags proteins for degradation. SCF-dependent proteasomal ubiquitin-dependent catabolic processes and the ERAD pathway are central, utilizing different types of ubiquitin linkages, including K11, K29, and K48. Positive regulation of these processes enhances protein breakdown, while negative regulation and deubiquitination (e.g., K48-linked deubiquitination) can inhibit it. Additionally, CAAX-box protein maturation and protein complex oligomerization are important for functional protein modifications. Understanding these regulatory mechanisms is crucial for manipulating protein stability and function in various biological contexts."
"BP","Assembly and Regulation of Protein Complexes and Mitochondrial Respiration",0.22,"The assembly and regulation of various protein complexes and mitochondrial components. It includes the formation of spliceosomal tri-snRNP complexes essential for splicing, mediator complexes that facilitate transcription, and SNARE complexes involved in membrane fusion. The topic also covers the assembly of respiratory chain complexes I-IV, cytochrome complexes, and axonemal dynein, crucial for mitochondrial function and ciliary movement. Additionally, it addresses the regulation of chaperone-mediated complex assembly, mitochondrial fission, and the shelterin complex involved in telomere maintenance."
"BP","Regulation of Microtubule Dynamics and Cellular Chemotaxis",0.217,"Microtubule dynamics and chemotaxis are crucial for cellular function and organization. Positive regulation of microtubule nucleation enhances microtubule formation and stability, facilitating cell movement and intracellular transport. Microtubule-based processes drive organelle transport and cell chemotaxis, guiding cells towards or away from chemical gradients. Key aspects include positive and negative regulation of chemotaxis in various cell types, such as natural killer cells and astrocytes. Effective regulation of these processes ensures proper cellular responses, maintenance of protein localization, and overall cellular integrity."
"BP","Development and Regulation of Nervous System and Neurotransmitter Processes",0.217,"The development and regulation of the nervous system and neurotransmitter processes. It includes the progression of the enteric, sympathetic, central, and peripheral nervous systems, as well as central nervous system myelination. Key aspects involve neurotransmitter handling such as norepinephrine, acetylcholine, serotonin, and dopamine, including their uptake, secretion, and metabolic processes. These mechanisms are crucial for effective neurotransmission and the proper functioning of both the central and peripheral nervous systems."
"BP","Regulation and Types of Synaptic Transmission and Membrane Potential Dynamics",0.216,"Synaptic transmission involves the release and reception of neurotransmitters across synapses, influencing postsynaptic membrane potentials. Different types of synaptic transmission, including glutamatergic, dopaminergic, and GABAergic, regulate excitatory and inhibitory postsynaptic potentials, impacting neuronal communication and muscle contraction. Additionally, processes like membrane depolarization and repolarization during cardiac action potentials are crucial for proper heart function. Understanding these mechanisms helps elucidate how neural and muscular responses are regulated, which is essential for addressing neurological and cardiovascular disorders."
"BP","Regulation of Cell Transitions and Proliferation in Development and Tissue Regeneration",0.211,"The regulation of various cell transitions and proliferative processes critical for development and tissue regeneration. It includes the modulation of mesenchymal cell proliferation in the metanephric cap and hematopoietic stem cells, as well as the epithelial to mesenchymal transition (EMT) in different tissues. Key processes such as the positive and negative regulation of cardiac and metanephric EMT, endocardial cushion formation, and skeletal muscle satellite cell maintenance are highlighted. Understanding these mechanisms is essential for comprehending tissue development and repair."
"BP","Regulation of Histone Methylation and Acetylation Modifications",0.21,"Histone modifications, including methylation and acetylation, play crucial roles in regulating gene expression and chromatin structure. Positive and negative regulation of histone H3-K27 methylation influences gene silencing and activation. Additionally, acetylation of various histone lysine residues (e.g., H3-K9, H4-K16) affects chromatin accessibility and transcriptional activity. Understanding these modifications provides insights into epigenetic control mechanisms, which are fundamental for processes like gene regulation, development, and disease. Accurate modulation of these modifications is essential for maintaining cellular function and addressing epigenetic disorders."
"BP","Processes of Vesicle Recycling and Membrane Transport in Cellular Secretory Pathways",0.207,"Intricate processes involved in vesicle recycling and membrane transport within cells. It includes the recycling of synaptic vesicles for neurotransmitter release, acrosome matrix dispersal during fertilization, and lysosomal microautophagy. Key processes such as vesicle tethering to the Golgi and endoplasmic reticulum, exocytosis, and neurotransmitter receptor recycling are essential for maintaining cellular function and communication. The regulation of synaptic vesicle priming, clathrin coat disassembly, and retrograde transport within the Golgi are highlighted for their roles in vesicle-mediated transport and secretion."
"BP","Development and Morphogenesis of the Lung, Mammary Gland, and Urogenital Structures",0.207,"Intricate processes involved in the development and morphogenesis of various organs and structures, including the lung, mammary gland, and urogenital tissues. It covers lung growth from initial formation to mature structure, detailing changes in lung epithelium. It also examines mammary gland development, including epithelial cell proliferation and duct branching during thelarche. Additionally, the topic addresses the formation and regulation of the prostate and umbilical cord, highlighting key processes like prostate induction and umbilical cord morphogenesis, essential for understanding reproductive and respiratory organ development."
"BP","Regulation of Vitamin D Metabolism, Lipid Storage, and Cellular Responses",0.206,"Vitamin D metabolism involves converting inactive calciol into active calcitriol through liver and kidney processes. This biosynthesis is tightly regulated, with positive and negative factors influencing the rate and extent of vitamin D production. Lipid storage and regulation are also crucial, impacting energy reserves and metabolism. Additionally, cellular responses to leptin and brown fat differentiation play roles in energy balance and thermogenesis. These processes are interconnected, highlighting the complexity of nutrient metabolism and its regulation."
"BP","Regulation of Calcium Ion Release and Detoxification in Cellular Processes",0.204,"Cellular regulation of calcium ion release and metal detoxification are crucial for maintaining cellular function. The release of sequestered calcium ions by the sarcoplasmic reticulum regulates both skeletal and cardiac muscle contractions. The activity of ryanodine-sensitive calcium-release channels modulates this release, with both positive and negative regulations impacting muscle contraction. Detoxification processes address the removal of toxic ions such as mercury, copper, zinc, and cadmium. Additionally, unfolded protein responses mediated by ATF6, IRE1, and PERK manage ER stress and maintain cellular homeostasis."
"BP","Regulation and Checkpoints in Chromosome Segregation and Cell Cycle",0.202,"The regulation of chromosome segregation and cell cycle checkpoints is critical for accurate cell division. Key processes include the regulation of homologous chromosome segregation, mitotic spindle assembly checkpoints, and sister chromatid cohesion. The mitotic spindle checkpoint ensures that chromosomes are properly attached to the spindle before anaphase begins. The cell cycle also involves the segregation of chromosomes, maintenance of chromatid cohesion, and the formation of mitotic centrosomes. Additionally, the circadian sleep/wake cycle influences wakefulness, modulated by various signaling pathways."
"BP","Interactions, Aging, and Responses in Symbiotic Relationships",0.198,"Symbiotic interactions, ranging from mutualism to parasitism, involve complex processes between host and symbiont. These include cellular entry and exit, intracellular protein transport, and modulation of host functions. Symbionts can induce programmed cell death in hosts, or conversely, hosts may disrupt or kill symbionts. The aging of multicellular organisms and their responses to pain and heat stress also impact these relationships. Effective communication and response mechanisms, including thermoception and nociception, play crucial roles in managing symbiotic dynamics and organismal health."
"BP","Developmental Processes of Lateral Line Systems and Hair Cells in Vertebrates",0.196,"The development of the lateral line system, including the posterior and mechanosensory aspects, and the differentiation of neuromast hair cells in vertebrates. It highlights the progression from the initial formation of the lateral line system, consisting of neuromasts on the head and body, to their mature sensory function. Additionally, it covers the establishment of axis specifications (anterior/posterior and dorsal/ventral) crucial for proper development, hair cycle phases, and cellular organization, including hair follicle placode formation and bipolar cell polarity."
"BP","Remodeling and Regulation of Lipoprotein Particles and Fatty Acid Metabolism",0.194,"The remodeling and regulation of lipoprotein particles, including triglyceride-rich, high-density, low-density, and very-low-density lipoproteins (VLDL). It includes processes such as the acquisition, loss, or modification of lipids and proteins within these particles. Key mechanisms involve hydrolysis by lipoprotein lipase and cholesterol ester transfer protein (CETP) activity. Additionally, the topic addresses fatty acid metabolism, focusing on the catabolism and biosynthesis of medium-chain, long-chain, and very long-chain fatty-acyl-CoAs, and the processes of fatty acid beta-oxidation. Regulation of VLDL particle remodeling and clearance are also discussed."
"BP","Regulation and Metabolism of Glycosaminoglycans and Proteoglycans",0.194,"Biochemical processes surrounding glycosaminoglycans and proteoglycans, focusing on chondroitin sulfate, dermatan sulfate, heparan sulfate, and keratan sulfate. It covers their biosynthesis, metabolism, and catabolism, including the formation and breakdown of chondroitin sulfate proteoglycans and heparan sulfate proteoglycans. Additionally, it addresses the positive and negative regulation of these processes, the commitment and differentiation of specific T cell lineages, and the metabolism of hyaluronan. Understanding these pathways is crucial for grasping their roles in connective tissue, immune responses, and overall cellular function."
"BP","Regulation and Mechanisms of DNA Repair and Recombination",0.193,"Various DNA repair and recombination processes, including synthesis-dependent strand annealing (SDSA), strand invasion, and translesion synthesis. It covers the roles of positive and negative regulation in strand invasion, nucleotide-excision repair, and error-prone vs. error-free translesion synthesis. Key aspects include the repair of double-strand breaks via SDSA, replication fork arrest, and telomere maintenance through trimming. Additionally, it explores meiotic DNA repair mechanisms and their role in genetic recombination and gene conversion."
"BP","Maturation Processes in Brain, Bone, and Cellular Structures",0.191,"Maturation processes of various biological structures and cells, focusing on the midbrain-hindbrain boundary, osteoclasts, oocytes, erythrocytes, and more. It details the developmental progression required for these elements to reach their fully functional states. Key areas include brain regions like the midbrain-hindbrain boundary, bone remodeling and maturation, hair follicle and pigment granule development, and the maturation of various cells such as erythrocytes and epithelial cells. Understanding these processes is crucial for insights into both normal development and related disorders."
"BP","Development and Maturation of Cerebellar and Retinal Layers",0.184,"Intricate processes of cerebellar and retinal layer development. It highlights the formation, maturation, and structural organization of the cerebellar granular, Purkinje cell, and molecular layers. The cerebellar granular layer, crucial for motor coordination, undergoes complex morphogenetic and maturation processes. Similarly, the Purkinje cell layer's development and differentiation are essential for its role in cerebellar output. The retinal layer formation is also discussed, focusing on the organization of photoreceptors and neural layers vital for vision. This overview emphasizes the dynamic nature of these developmental processes."
"BP","Viral Latency, Entry, and Life Cycle Dynamics",0.181,"Viral latency involves establishing a persistent state within the host, either as an integrated provirus or episome. The viral life cycle includes critical stages such as entry into the host cell, transport of viral material to the nucleus via microtubules, and early transcription of viral genes. Post-entry, viruses undergo membrane fusion, followed by nuclear entry through the nuclear pore complex. Viral maturation involves proteolytic processing and structural rearrangements. Additionally, processes like tRNA re-export and regulation of mRNA poly(A) tail length are essential for viral and cellular functions."
"BP","Regulation of Vascular and Barrier Development in Embryonic and Adult Tissues",0.178,"Key processes in vascular and barrier development, including the establishment of the blood-brain and blood-nerve barriers, and the morphogenesis of major cardiovascular structures like the ascending aorta and cardiac ventricles. It highlights positive and negative regulation of penile erection, vascular wound healing, and developmental processes such as pharyngeal arch artery formation. Understanding these mechanisms provides insight into how barriers and vascular structures are formed, maintained, and regulated throughout development and in response to injury."
"BP","Regulation and Metabolism of UDP-Glucose, Galactose, and Glycoproteins",0.176,"The regulation and metabolic processes of UDP-glucose, galactose, and glycoproteins. It details the breakdown and synthesis of UDP-glucose and UDP-N-acetylgalactosamine, as well as the impact of these processes on glycoprotein biosynthesis. The focus extends to the metabolic pathways of monosaccharides like galactose and mannose, and the formation of complex structures such as lactosylceramides, gangliosides, and globosides. The interplay between these pathways highlights their role in cellular functions and organ formation."
"BP","Regulation of Transcription, RNA Processing, and Gene Silencing Mechanisms",0.171,"Various mechanisms regulating transcription and RNA processing. It includes translational attenuation, where ribosome stalling influences gene expression, and ncRNA polyadenylation essential for RNA maturation and degradation. Key processes such as miRNA and siRNA-mediated gene silencing, affecting mRNA stability and translation, are explored. Additionally, it covers transcription by RNA polymerases I and II, including promoter clearance, elongation, and RNA capping. The synthesis and processing of small RNAs, like snRNA and snoRNA, are also detailed, highlighting their roles in gene regulation and RNA modification."
"BP","Development and Morphogenesis of Sensory Nerves and Eye Structures",0.169,"Intricate processes involved in the development and morphogenesis of the vestibulocochlear nerve and various eye structures. It includes the formation, maturation, and structural organization of the vestibulocochlear nerve, which is crucial for hearing and balance. Additionally, it covers the morphogenesis of different eye components, such as the lens, camera-type eye, and related structures. This involves the detailed development of lens fiber cells, epithelial cell proliferation, and the overall progression from rudimentary to fully functional sensory organs, including the middle and inner ear and the renal system."
"BP","Activation of Immune Cells and Its Role in Immune Response",0.161,"Immune cell activation is a critical process in the immune response, involving various cell types such as lymphocytes, macrophages, dendritic cells, and neutrophils. Each cell type undergoes morphological and behavioral changes in response to specific stimuli, including antigens, cytokines, and chemokines. This activation is essential for initiating and sustaining immune responses, influencing how the body defends against pathogens and maintains homeostasis. Understanding these activation mechanisms is vital for developing targeted therapies for immune-related disorders and enhancing immune system function."
"BP","Antigen Processing and Presentation via MHC Class I and Class Ib Pathways",0.158,"Antigen processing and presentation involve the display of peptide antigens on the cell surface bound to MHC molecules. Exogenous antigens can be presented by both MHC class I and class Ib molecules, with pathways dependent or independent of TAP transport. Endogenous antigens are presented through similar MHC class I or class Ib pathways. Class Ib molecules, such as those of the HLA-E and CD1 families, also present lipid antigens. Additionally, interleukins such as IL-17, IL-2, and IL-23 are produced in response to cellular stimuli, playing roles in immune responses."
"BP","Regulation and Catabolism of Glycerophospholipids and Terpenoids",0.157,"The catabolism and regulation of glycerophospholipids, such as phosphatidylcholine, phosphatidylserine, and phosphatidylethanolamine, are crucial for cellular lipid homeostasis. These processes involve the breakdown of these lipids into simpler molecules, impacting membrane dynamics and signaling. Additionally, catabolism of terpenoids, including sesquiterpenoids, contributes to diverse metabolic pathways. Regulation of these pathways ensures proper lipid turnover and metabolic balance. Modulating these processes affects not only lipid metabolism but also cellular responses to various stimuli and stressors."
"BP","Development and Organization of Cranial Nerves",0.148,"The development and structural organization of cranial nerves, including the trigeminal, oculomotor, facial, optic, olfactory, and glossopharyngeal nerves. It covers their morphogenesis, formation, and maturation. The trigeminal nerve, with its sensory and motor branches, and the oculomotor nerve, responsible for eye movement, are examined in detail. The facial nerve, involved in facial expression and taste, and the optic nerve, essential for vision, are also highlighted. Understanding these processes is crucial for comprehending how cranial nerves mediate sensory and motor functions in the head and neck."
"BP","Development and Morphogenesis of Nephron Structures and Renal Capsule",0.146,"Progression of renal system development, focusing on the metanephric glomerulus, various nephron tubules, and the renal capsule. It includes the development of the metanephric glomerular epithelium, proximal convoluted tubule, thick ascending limb, and other nephron segments. The renal capsule's formation and maturation are also addressed. Additionally, the regulation of ureteric bud branching, critical for kidney and ureter formation, is explored. This comprehensive overview highlights the intricate processes essential for forming a functional kidney."
"BP","Biosynthetic and Metabolic Pathways of Key Biomolecules",0.134,"Chemical reactions and pathways involved in the biosynthesis and metabolism of crucial biomolecules. It includes processes like the formation of CDP-diacylglycerol, dolichyl diphosphate, and phospholipids, as well as the biosynthesis of geranyl diphosphate and sphinganine. The metabolism of porphyrin-containing compounds, xylulose 5-phosphate, and folic acid derivatives is also highlighted. These pathways are essential for various biological functions, including cell membrane formation, lipid metabolism, and cellular energy production."
"BP","Ribosomal RNA Processing: Maturation and Cleavage Mechanisms",0.121,"The detailed processes involved in the maturation of ribosomal RNA (rRNA) from its primary tricistronic transcript, which includes Small SubUnit (SSU) rRNA, 5.8S rRNA, and Large SubUnit (LSU) rRNA. Key steps include endonucleolytic and exonucleolytic cleavages that generate mature rRNA molecules by separating and trimming components. Additionally, the topic covers the processing of pre-miRNAs and tRNAs, as well as small nuclear RNA (snRNA) maturation. These processes are crucial for functional ribosome assembly and gene expression regulation."
"BP","Mechanisms of Skeletal and Smooth Muscle Contraction",0.116,"Various forms of muscle contraction, including voluntary and involuntary skeletal muscle contractions, and different types of smooth muscle contractions (tonic, phasic). It covers the processes of contraction in specific muscles such as the diaphragm, uterus, and gastrointestinal tract. The focus is on the biochemical and mechanical processes involved, such as actin/myosin interactions and ATP hydrolysis, which drive muscle contractions and can lead to muscle hypertrophy. Understanding these mechanisms is crucial for comprehending muscle function in different physiological contexts."
"BP","Metabolic Pathways of Pyrimidine and Purine Nucleotides: Synthesis and Catabolism",0.111,"Comprehensive metabolic processes involving pyrimidine and purine nucleotides. It covers the biosynthesis and catabolism of various nucleotide forms, including monophosphates, diphosphates, and triphosphates for both pyrimidines and purines. The processes include the formation and breakdown of pyrimidine and purine nucleosides, ribonucleotides, and deoxyribonucleotides. Key aspects include the chemical reactions and pathways responsible for these transformations, vital for nucleic acid metabolism and cellular energy dynamics. Understanding these pathways is crucial for insights into genetic information processing and cellular regulation."
"BP","Aminoacylation of tRNA",0.109,"The process of aminoacylating tRNA molecules with various amino acids, including glutamate, glutamine, leucine, tryptophan, phenylalanine, isoleucine, methionine, tyrosine, alanine, serine, arginine, aspartate, cysteine, glycine, proline, and threonine. Aminoacylation involves the attachment of an amino acid to its corresponding tRNA, facilitated by specific aminoacyl-tRNA synthetases. The processes vary slightly depending on the amino acid and whether the reaction occurs in mitochondria or the cytosol. The general mechanism involves activation of the amino acid by linking it to AMP, followed by transfer to the tRNA¡¯s 2'- or 3'-OH group."
"BP","Transport Mechanisms of Essential Molecules and Ions Across Cellular Membranes",0.084,"The directed movement of various essential substances across cellular membranes, including ions, small molecules, and macromolecules. It covers the transport of taurine, guanine, lysophospholipids, and other key substances like pyruvate, epinephrine, and retinol. It also includes specific transport mechanisms for ions such as chloride, manganese, and zinc. Understanding these transport processes is crucial for comprehending how cells regulate the intake and output of substances critical for metabolism, signaling, and cellular function."
"MF","Receptor Activities in Growth Regulation, Apoptosis, and Neuroprotection",0.071,"Key receptor activities involved in cellular growth regulation, apoptosis, and neuroprotection. Transforming growth factor beta (TGF-beta) receptors, including type I and II, mediate cellular responses by interacting with specific ligands. Interferon receptors, both type I and II, play roles in immune responses. Neurotrophin and nerve growth factor receptors are crucial for neuronal survival and development. TRAIL receptors induce apoptosis in transformed cells. Additionally, various endopeptidase inhibitors regulate protease activities involved in apoptosis, emphasizing their role in cell survival and function."
"MF","Roles of Transition Metals and Structural Components in Cellular Functions",0.062,"Diverse roles of transition metals and metal clusters in biological systems. Transition metals, including iron, copper, and nickel, are crucial for various cellular processes, including electron transfer and enzyme function. Metal clusters, such as iron-sulfur clusters, are essential for redox reactions and protein function. Additionally, the topic covers the structural roles of proteins in postsynaptic specializations, egg coats, myelin sheaths, skin epidermis, and nuclear pores. It also includes the activities of acyltransferases involved in protein modification and transport."
"CC","Essential Components and Functions of Epithelial and Cellular Junctions",0.06,"Epithelial and cellular junctions play crucial roles in maintaining tissue integrity and function. The apical junction complex, including tight junctions and desmosomes, regulates cell adhesion and permeability. Hemidesmosomes anchor epithelial cells to the basal lamina, while the subapical complex is involved in cell-cell interactions in invertebrates. Specialized junctions like the tricellular tight junction and intercalated discs facilitate complex cellular interactions and mechanical coupling. Additionally, structures like focal adhesions and motile cilia contribute to cellular adhesion and movement, respectively. These components are integral to cellular organization and tissue homeostasis."
"CC","Membrane Structures and Vesicle Dynamics in Cellular Functions",0.06,"Membrane structures and vesicles play critical roles in cellular processes. The junctional sarcoplasmic reticulum membrane is essential for calcium release in muscle cells, while endosome-to-plasma membrane transport vesicles are key for delivering proteins and hormones to the cell surface. Membrane contact sites (MCSs) facilitate communication between organelles and the plasma membrane. Caveolae are membrane rafts involved in endocytosis, and chitosomes in fungi manage chitin synthesis. Additionally, the presynaptic active zone is crucial for neurotransmitter release, and apical plasma membrane urothelial plaques create a barrier in urothelium."
"MF","Chemokine, Toll-like Receptor, and Enzyme Binding and Activity in Immune Responses",0.056,"Various biological activities related to chemokines, Toll-like receptors, and enzymatic functions. Chemokines are crucial for directing immune cell migration, with distinct roles in inflammation and homeostasis. Toll-like receptors (TLRs) bind microbial components like lipopolysaccharides and collagen to trigger innate immune responses. Additionally, the topic includes activities of enzymes such as arsenate reductase, which reduces arsenate, and Rab geranylgeranyltransferase, which modifies proteins for membrane localization. Understanding these interactions is essential for insights into immune regulation and cellular responses."
"MF","Binding Specificity of Protein Domains in Apoptosis and Signal Transduction",0.053,"The binding interactions of various protein domains, such as BH, MH, CARD, and RING-like zinc finger domains, which play crucial roles in apoptosis and signal transduction. These domains mediate specific protein-protein interactions essential for cellular processes, including cell death, survival, and inflammation. By examining the binding properties of these domains, we gain insight into their functional roles in regulating complex cellular pathways and their potential implications in disease mechanisms and therapeutic targeting."
"MF","Hormonal Activities and Lipid Transfers in Cellular Processes",0.05,"Diverse roles of hormones and lipid transfer activities within cells. Hormones like corticotropin-releasing hormone (CRH) and thyrotropin-releasing hormone (TRH) regulate endocrine functions by stimulating pituitary hormone release. Follicle-stimulating hormone (FSH) and growth hormone-releasing hormone further influence reproductive and growth processes. Additionally, the topic covers the interaction of neuropeptides and adipokinetic hormones with their receptors to modulate physiological responses. Lipid transfer activities, including sphingolipid, ceramide, and glycolipid transfers, are essential for maintaining membrane integrity and cellular signaling."
"MF","Roles of Adaptor Complexes and MHC Interactions in Cellular Transport and Signaling",0.049,"The functions of various adaptor complexes (AP-1, AP-2, AP-3) in vesicular transport and their interactions with membrane proteins. It highlights their roles in linking clathrin to vesicles and facilitating cargo delivery. The subject also covers Major Histocompatibility Complex (MHC) interactions, including both class I and class II molecules, which are crucial for antigen presentation and immune signaling. Additionally, it addresses how MHC class Ib receptors influence lymphocyte activation and inhibition, and the role of the mediator complex in transcription regulation."
"CC","Key Immunoglobulin Complexes and Associated Cellular Structures",0.049,"Immunoglobulin complexes such as dimeric IgA and polymeric IgM play critical roles in immune response, being present in mucosal areas and circulation. Secretory IgA, often complexed with a secretory component, protects mucosal surfaces. Various immunoglobulins (IgA, IgM, IgG, IgE, IgD) function in different compartments, including extracellular spaces and plasma membranes. Additionally, receptor complexes like Fc-epsilon RI and Fc-gamma RIII, along with cytoplasmic dynein and myosin filaments, are crucial for immune signaling and intracellular transport. These complexes ensure proper immune function and cellular organization."
"MF","Redox Enzymes and Their Specific Activities in Metabolic Processes",0.047,"Various redox enzymes essential for cellular metabolism. Key activities include methionine (S)- and (R)-S-oxide reductase, which repair oxidized methionine residues, and ribonucleoside-diphosphate reductase, which converts ribonucleoside diphosphates to deoxyribonucleoside diphosphates. Other significant enzymes include thiosulfate-thiol sulfurtransferase and malic enzyme, which are involved in sulfur and carbon metabolism, respectively. These enzymes play crucial roles in maintaining redox balance, repairing oxidative damage, and regulating metabolic pathways."
"CC","Core Structures and Functions of Synaptic Connections in Neurons",0.046,"Synapses are critical junctions between neurons, muscle fibers, or glial cells. They consist of presynaptic terminal boutons and postsynaptic membranes separated by a synaptic cleft. Neurotransmitters are released from the presynaptic terminal and act on the postsynaptic membrane. Various synaptic types include asymmetric glutamatergic excitatory synapses and symmetric GABA-ergic inhibitory synapses. Specialized structures such as dendritic spines, terminal boutons, and postsynaptic recycling endosomes play crucial roles in synaptic transmission and plasticity."
"CC","Insights into Key Protein Complexes and Their Biological Functions",0.045,"Protein complexes play diverse roles in cellular functions and development. The insulin-like growth factor (IGF) complexes, including binary and ternary forms, regulate growth and development through interactions with IGF-binding proteins. The NF-kappaB complex functions as a transcription factor, impacting gene expression by translocating to the nucleus upon activation. The cytosolic RNA export factor complex is essential for mRNA transport. Additionally, the FANCM-MHF and RecQ-topoisomerase III complexes are crucial for DNA repair and replication. Each complex is tailored to its specific biological role, highlighting their importance in cellular processes."
"MF","Roles of Transcription Initiation Factors and Coactivators in RNA Polymerase Function",0.044,"The intricate roles of transcription initiation factors and coactivators in RNA polymerase I, II, and III activity. These factors are crucial for selecting transcription start sites and initiating gene transcription. Coactivators enhance transcription by altering chromatin structure or bridging transcription factors with the basal transcription machinery. Each RNA polymerase type requires specific factors for efficient transcription of various RNA molecules, including rRNAs, tRNAs, and mRNAs, highlighting the complex regulation of gene expression."
"MF","Transmembrane Transport and Binding Activities of Lipoproteins and Small Molecules",0.044,"The receptor activities and transport mechanisms for various lipoproteins and small molecules. Key activities include binding and uptake of low-density lipoproteins (LDL), very-low-density lipoproteins (VLDL), and high-density lipoproteins (HDL), which play crucial roles in lipid metabolism and cardiovascular health. It also covers the transport of lactate, tetracycline, coenzyme A, acyl carnitine, and alcohol across membranes. Additionally, the binding of extracellular matrix components and spectrin is noted, emphasizing their roles in cellular function and structural integrity."
"CC","Key Protein Complexes Involved in Enzyme Inhibition and DNA Repair",0.043,"Several critical protein complexes play vital roles in enzyme inhibition and DNA repair. Protein C inhibitor complexes, such as those with factors Xa, V, and thrombin, regulate coagulation by inhibiting specific serine proteases. The BRCA1-BARD1 complex is crucial for genome maintenance, with BRCA1-BARD1 and BRCA1-BARD1-BACH1 complexes involved in DNA damage response. Additionally, the NLRP3 inflammasome complex is essential for inflammatory responses, while the protein N-acetylglucosaminyltransferase complex modifies proteins through glycosylation."
"MF","Diverse Receptor Activities in Signal Transduction: Adrenergic, Cytokine, and Hormone Pathways",0.042,"The mechanisms of signal transduction mediated by various receptors, including adrenergic, cytokine, and hormone receptors. These receptors bind to specific ligands such as epinephrine, norepinephrine, interleukins, and leptin, initiating cellular responses through G protein activation or direct enzymatic activity. Understanding these pathways is crucial for comprehending how cells respond to external signals, regulate immune responses, and maintain homeostasis, impacting fields such as pharmacology, immunology, and endocrinology."
"MF","Diverse Oxidoreductase Activities in Redox Reactions and Electron Transfer",0.042,"Oxidoreductases facilitate crucial redox reactions, employing various donors such as nitrogenous compounds, CH-CH groups, and heme groups. These enzymes drive electron transfer by either incorporating oxygen into substrates or reducing it, using paired or single donors. They participate in diverse processes, including those involving reduced pteridine, ascorbate, and iron-sulfur proteins. By catalyzing reactions like the reduction of quinones and aldehydes, oxidoreductases play a pivotal role in cellular respiration and metabolism, maintaining redox balance and energy production through electron transport chains."
"MF","Enzyme Activities Involving Redox Reactions, Transport, and Catalysis",0.042,"A range of enzyme activities vital for metabolic processes. It includes D-lactate dehydrogenase, which catalyzes the conversion of lactate to pyruvate, and linoleoyl-CoA desaturase, which introduces double bonds into fatty acids. Pyruvate dehydrogenase facilitates pyruvate's conversion to acetyl-CoA, crucial for energy production. Other notable activities include sucrose and pyruvate transport across membranes, epoxide hydrolase for epoxide transformation, and 4-alpha-hydroxytetrahydrobiopterin dehydratase for pterin metabolism. These enzymes are integral to biochemical pathways, enabling energy production, nutrient transport, and redox balance."
"CC","Key Protein Complexes and Their Functions in Cellular Processes",0.042,"Various protein complexes play crucial roles in cellular processes. The oligosaccharyltransferase (OST) complexes, such as OSTI and OSTIII, are essential for glycosylation in mammalian cells, with OSTIII having a higher affinity for ribosomes. The mitotic checkpoint complex ensures proper chromosome segregation, while the eukaryotic 48S preinitiation complex initiates translation by binding mRNA. The TTT complex stabilizes PIKK proteins, and the SUMO ligase complex facilitates protein sumoylation. Other complexes, like ferritin, store iron, and the acetylcholine-gated channel complex regulates ion flow across membranes."
"CC","Overview of Key Protein Complexes in Cellular Signaling and Function",0.042,"Various protein complexes are essential for diverse cellular functions. Activin complexes, including Activin A, B, and AB, regulate cell growth and differentiation. Phosphatidylinositol 3-kinase (PI3K) complexes, classified into IA, IB, and III, are critical for signaling pathways related to cell survival and metabolism. The gamma-secretase complex, containing presenilin and associated subunits, is involved in cleaving transmembrane proteins like Notch. Additionally, complexes like dystroglycan and MHC class complexes play roles in muscle function and immune response, respectively."
"CC","Key Protein Complexes and Membranes in Specialized Cellular Organelles",0.041,"Cellular organelles such as lamellar bodies, lysosomes, and specific granules are surrounded by distinctive lipid bilayers and protein complexes. For example, lamellar bodies, involved in surfactant storage, are surrounded by a lamellar body membrane. Key protein complexes like BLOC-1 and BLOC-3 are essential for the biogenesis of lysosomal-related organelles. Similarly, specific granules in neutrophils and platelet alpha granules serve critical roles in secretion and cellular function. Each organelle's structure is tailored for its specialized function, reflecting the complex cellular organization."
"CC","Key Cellular Structures: Retromer Complex, Actin Filaments, and Stereocilia Dynamics",0.041,"The retromer complex, including both cargo-selective and tubulation subcomplexes, plays a crucial role in retrograde transport within cells, from endosomes to the Golgi apparatus. Actin filaments and their associated structures, such as stress fibers and contractile bundles, are essential for maintaining cellular shape and function. Stereocilia, specialized actin-based protrusions in sensory cells, are involved in mechanotransduction. These structures, coupled by linking proteins, are integral to auditory and vestibular functions, highlighting the intricate interplay between cellular transport and structural dynamics."
"CC","Lipoprotein Particles and DNA Repair Complexes in Cellular Function",0.04,"Lipoprotein particles, such as IDL, LDL, and HDL, are crucial for lipid transport in the bloodstream, influencing cholesterol levels and overall metabolism. Intermediate-density lipoproteins (IDL) and low-density lipoproteins (LDL) carry cholesterol to tissues, while high-density lipoproteins (HDL) facilitate reverse cholesterol transport to the liver. Concurrently, DNA repair is managed by complexes like the nucleotide-excision repair factors XPC and ERCC4-ERCC1, which address DNA damage and ensure genome stability. These systems together maintain cellular health and function."
"CC","Centrosomes, Spindle Poles, and Cell Division: Key Structures and Complexes",0.04,"Centrosomes, consisting of centrioles and surrounding microtubule organizing material, are crucial for organizing mitotic and meiotic spindles. During cell division, centrioles organize microtubules into spindle poles, while the gamma-tubulin complex nucleates microtubules at these poles. The contractile ring, formed from actin and myosin, facilitates cytokinesis by pinching the cell in two. Septin rings also contribute to the division site by forming a tight ring structure. These components coordinate to ensure accurate chromosome segregation and cell division."
"CC","Clathrin and Adaptor Complexes in Vesicle Formation and Endocytosis",0.039,"Clathrin-coated vesicles are essential for endocytosis, with clathrin forming a polymeric coat that shapes vesicles from the membrane. Adaptor protein (AP) complexes like AP-1, AP-2, AP-3, and AP-4 link clathrin to membranes, aiding in cargo sorting and vesicle budding. AP-1 primarily associates with the trans-Golgi network, AP-2 with the plasma membrane, while AP-3 and AP-4 are involved in endosomes. Clathrin-sculpted vesicles transport neurotransmitters such as acetylcholine and gamma-aminobutyric acid, crucial for cellular communication and function."
"MF","Enzymatic Sulfation and Desulfation in Glycosaminoglycan Metabolism",0.038,"The enzymatic processes involved in the sulfation and desulfation of glycosaminoglycans, specifically focusing on heparan sulfate and chondroitin sulfate. Various sulfotransferases and sulfatases catalyze the transfer of sulfate groups from 3'-phosphoadenosine 5'-phosphosulfate to glucosamine, galactosamine, and iduronic acid residues, as well as the hydrolysis of these sulfate groups. These modifications play crucial roles in cellular signaling, molecular recognition, and the structural integrity of the extracellular matrix, impacting numerous biological functions and disease mechanisms."
"CC","Ubiquitin Ligase Complexes and Other Essential Cellular Machinery",0.038,"Ubiquitin ligase complexes, including Cul5-RING and SCF complexes, play a crucial role in protein degradation by targeting substrates for proteasomal destruction. These complexes are formed by cullins and RING domain proteins, and their substrate specificity is conferred by additional adaptor proteins. Key complexes also include the core mediator complex, essential for transcription regulation, and various proteasome components, crucial for protein turnover. Additionally, the ATP-binding cassette (ABC) transporter complex facilitates cellular metabolite transport, highlighting the diverse machinery essential for cellular function."
"CC","Key Protein Complexes in Cellular Receptor and Signaling Pathways",0.038,"Protein complexes play critical roles in cellular signaling and function. Ionotropic glutamate receptors, such as NMDA, AMPA, and kainate receptors, are essential for neurotransmission, with each having distinct subunit compositions and functions. The transforming growth factor beta receptor complex mediates cell signaling, while the immunological synapse facilitates immune responses. Other complexes, including the insulin receptor and CatSper complex, are vital for metabolic regulation and sperm function. Each complex is tailored to its specific cellular role through unique structural and functional properties."
"MF","Binding and Catalytic Activities of DNA and RNA Modifying Enzymes",0.037,"Diverse binding and catalytic activities of enzymes involved in DNA and RNA modifications. It includes telomerase activity, which extends telomeres by adding deoxynucleotides, and various DNA-binding activities, such as telomeric D-loop, G-quadruplex, and flap-structured DNA. Key reactions are highlighted, such as DNA topoisomerase's role in altering DNA topology and RNA polymerase activities in transcription. Additionally, the roles of RNA-dependent and RNA-directed polymerases in synthesizing nucleic acids are detailed, emphasizing their significance in genetic regulation and maintenance."
"MF","Enzyme Functions in Fatty Acid Metabolism: Dehydrogenation, Hydration, and Transport",0.037,"Enzymes crucial for fatty acid metabolism. Medium-chain-acyl-CoA dehydrogenase and very-long-chain-acyl-CoA dehydrogenase are involved in the oxidation of medium- and very-long-chain fatty acids. Long-chain-enoyl-CoA hydratase and delta(3)-delta(2)-enoyl-CoA isomerase facilitate the hydration and isomerization of fatty acyl-CoA intermediates. Enzymes like fatty-acyl-CoA synthase and long-chain fatty-acid-CoA ligase catalyze the activation of fatty acids. Additionally, ABC-type fatty-acyl-CoA transporters aid in the cellular transport of fatty acids. These enzymes are essential for efficient fatty acid catabolism and energy production."
"MF","Enzymatic Functions and Kinase Activities in Lipid Metabolism and Signal Transduction",0.037,"Various enzyme activities and kinase functions crucial for cellular processes. Deoxyhypusine synthase catalyzes the formation of deoxyhypusine, essential for eIF5A activation. MAP kinase pathways are regulated by MAP kinase kinase and JUN kinase activities, which are involved in cellular stress responses. Enzymatic activities include lipid metabolism, such as sphingomyelin synthesis and phosphatidylcholine hydrolysis, as well as acyltransferase and phospholipase activities. These processes are vital for maintaining cellular lipid composition and signaling pathways."
"MF","Enzymatic Activities in Metabolism and Nucleotide Modification",0.036,"Various enzymatic functions crucial for metabolism and nucleotide modification. Key activities include phosphoribosylformylglycinamidine synthase, which synthesizes intermediates in purine metabolism, and phosphoglycerate mutase, involved in glycolysis. The topic also covers enzymes like RNA NAD-cap hydrolase, essential for RNA modification, and folate transporters that mediate folate anion exchange. Additionally, activities such as bisphosphoglycerate mutase, which regulates oxygen binding in hemoglobin, and cholesterol 25-hydroxylase, important for cholesterol metabolism, are highlighted. These processes are vital for maintaining cellular and metabolic functions."
"CC","Diverse Cyclin-CDK Complexes and Their Regulatory Functions in the Cell Cycle",0.036,"Cyclin-dependent kinases (CDKs) form critical complexes with cyclins to regulate the cell cycle. These complexes, such as cyclin A1-CDK2, cyclin B1-CDK1, and cyclin D1-CDK4, exhibit periodic activity to drive cell cycle progression. Each cyclin-CDK pair has specific functions, including regulating mitosis, DNA replication, and cellular checkpoints. Additionally, various associated protein complexes, like CAK-ERCC2 and protein kinase CK2, further modulate CDK activity, impacting cell cycle transitions and stability. Understanding these complexes is essential for elucidating cell cycle control mechanisms and potential therapeutic targets."
"CC","Role of ER and Golgi Complexes in Cellular Transport and Protein Processing",0.036,"The smooth endoplasmic reticulum (SER) is essential for lipid synthesis and detoxification and transports proteins from the rough ER to the Golgi apparatus. COPII-coated vesicles mediate this transport, while COPI-coated vesicles manage retrograde transport from the Golgi back to the ER. Within the Golgi apparatus, proteins undergo further processing in distinct cisternae and the trans-Golgi network, which sorts and directs them to their final destinations. The endomembrane system, including the ER-Golgi intermediate compartment and various protein complexes like EMC and BAT3, coordinates these processes, ensuring efficient cellular function."
"CC","Key Protein Complexes in Cell Signaling, DNA Repair, and Muscle Function",0.036,"Key protein complexes play crucial roles across various cellular functions. The TORC1 and TORC2 complexes are integral to cell signaling and metabolism, with TORC1 activating S6K and TORC2 phosphorylating PKB. The Dbf4-dependent protein kinase complex regulates DNA replication initiation. The VCP-NPL4-UFD1 complex is essential for protein degradation. The SMN complex, including SMN and Gemin2, is vital for snRNP assembly and pre-mRNA splicing. Additionally, the cardiac myofibril complex is crucial for cardiac muscle contraction, highlighting diverse functions of these complexes."
"MF","Enzyme Activities in Prenylation, Cyclic Nucleotide Metabolism, and Aminoacyl-tRNA Synthesis",0.035,"Various enzyme activities critical for cellular processes such as prenylation, cyclic nucleotide metabolism, and aminoacyl-tRNA synthesis. Enzymes like geranyltranstransferase and farnesyltranstransferase facilitate the synthesis of isoprenoid diphosphates. Cyclic nucleotide phosphodiesterases hydrolyze cyclic GMP-AMP, regulating intracellular signaling. Aminoacyl-tRNA synthetases, such as leucine-tRNA ligase, play essential roles in protein synthesis. Understanding these enzymes provides insights into cellular function and regulation, highlighting their importance in biochemical pathways and potential therapeutic targets."
"MF","Enzyme Activities in Metabolism: Aldehyde and Oxidoreductase Functions",0.035,"Diverse enzymatic activities crucial for metabolic processes. Key enzymes include saccharopine dehydrogenase, which catalyzes the formation of L-glutamate from saccharopine, and alcohol dehydrogenase, which oxidizes alcohols to aldehydes or ketones using NAD+ and zinc. Other activities include the conversion of long-chain aldehydes to carboxylates and the reduction of prostaglandin E2. These enzymes play essential roles in amino acid metabolism, lipid metabolism, and the processing of various biochemical intermediates, impacting overall metabolic regulation."
"MF","Nucleotide and Nucleoside Transport and Binding Activities in Cellular Processes",0.035,"The binding and transport mechanisms of nucleotides and nucleosides across cellular membranes. Key activities include purine and pyrimidine ribonucleotide binding, nucleotide-sugar transmembrane transport, and purine nucleoside phosphorylase activity. These processes involve specific binding to ribonucleosides and deoxyribonucleosides, and the transport of nucleotide-sugars and nucleotides between cellular compartments. Understanding these mechanisms is crucial for elucidating cellular energy metabolism, signaling pathways, and nucleotide synthesis and degradation."
"MF","Enzyme Activities and Transport Functions in Lipid and Amino Acid Metabolism",0.035,"Key enzymatic activities and transport functions in lipid and amino acid metabolism. It includes transacylation reactions like mono-olein to diolein conversion, which are crucial for lipid metabolism. The transport of bile acids and carboxylic acids across membranes is essential for digestion and absorption. Enzymes involved in the hydroxylation of arachidonic acid and binding activities related to amino acids and bile acids are highlighted, emphasizing their roles in cellular signaling and nutrient transport. These processes are critical for maintaining metabolic balance and cellular function."
"CC","Functional Components of Chromosomal and Membrane Extrinsic Regions in Cellular Systems",0.035,"Chromosomal regions, including telomeric, centromeric, and subtelomeric areas, play crucial roles in chromosome stability and segregation. The Y chromosome, present in males, pairs with the X chromosome in sex determination. Membrane extrinsic components, found in various cellular membranes such as endosomes, mitochondria, and the Golgi apparatus, consist of loosely associated proteins and gene products. These components influence cellular processes like protein transport, synaptic function, and membrane integrity, supporting overall cell functionality and homeostasis."
"CC","Key RNA and Ribosomal Complexes in Eukaryotic Cells",0.035,"Eukaryotic cells utilize various RNA and ribosomal complexes for crucial functions. The nucleolar, cytoplasmic, and nuclear exosomes, alongside the general exosome complex, degrade aberrant RNAs through 3'-5' exoribonuclease activity. The RISC-loading complex and RISC complex, involving Dicer and Argonaute proteins, regulate gene expression by processing miRNAs and siRNAs. Ribosomes, including large and small subunits, are central to protein synthesis, with complexes like the translation initiation complex and eIF3 facilitating this process. Additionally, the TRAMP complex and ribonuclease P and MRP complexes play roles in RNA processing and mitochondrial tRNA maturation."
"CC","Structural Components and Functions of Ciliary and Nuclear Pore Complexes",0.035,"Ciliary and nuclear pore complexes are critical for cellular function. The nuclear pore central transport channel facilitates nucleocytoplasmic transport, while the outer and inner rings of the nuclear pore complex provide structural integrity. Cilia, including photoreceptor cell cilia with 9+0 or 9+2 axonemes, have specialized structures such as the ciliary transition zone and basal body that regulate their function and assembly. In sperm, the principal and midpieces are defined by their distinct fibrous sheaths and mitochondrial arrangements, essential for motility and energy supply."
"CC","Collagen Trimers and Proton-Transporting ATPase Complexes: Structure and Function",0.035,"Collagen trimers, such as types I, III, and V, form fibrils and networks essential for tissue structure. Collagen types like IV and VI contribute to basement membranes and connective tissue scaffolding. Proton-transporting ATPase complexes, including V-type and F-type, utilize rotational mechanisms to synthesize or hydrolyze ATP while transporting protons across membranes. V-type ATPases are crucial for organelle function, while F-type ATPases, or ATP synthases, operate in oxidative phosphorylation. These ATPases are vital for energy production and cellular processes, linking structural integrity with energy metabolism."
"MF","Enzymatic Phosphorylation and Dephosphorylation of Inositol and Phosphatidylinositol Derivatives",0.034,"The enzymatic activities involved in the phosphorylation and dephosphorylation of inositol and phosphatidylinositol derivatives. It includes the catalysis of various reactions, such as the conversion of inositol hexakisphosphate to pentakisphosphate and the phosphorylation of phosphatidylinositol derivatives. These activities are crucial for regulating cellular signaling pathways and maintaining inositol phosphate levels. The diverse range of kinases and phosphatases described highlights their roles in cellular metabolism and signal transduction."
"CC","Spliceosomal Complexes and Ribonucleoprotein Functions in RNA Splicing",0.034,"Spliceosomal complexes are crucial for pre-mRNA splicing, involving various ribonucleoprotein (RNP) assemblies. Key complexes include U1, U2, U4, U5, and U6 snRNPs, each with specific roles in splicing. U1 snRNP initiates splice site recognition, U2 snRNP aids in branch point recognition, while U4/U6 and U5 snRNPs are involved in the catalytic steps of splicing. The box H/ACA RNP complexes, including telomerase RNP, perform pseudouridylation of RNAs. These complexes form sequentially, contributing to the precise processing of RNA transcripts."
"MF","Mechanisms of DNA Repair: Roles of Glycosylases and Lyases in Base Excision",0.033,"The critical functions of DNA glycosylases and lyases in base excision repair. Glycosylases recognize and remove damaged or mismatched bases, creating apurinic/apyrimidinic sites. Subsequent actions by lyases facilitate the removal of these sites, ensuring DNA integrity. This process involves specific reactions, including the cleavage of N-C1' glycosidic bonds and beta-elimination mechanisms. The coordinated activities of these enzymes are vital for maintaining genomic stability and preventing mutations."
"MF","Enzymatic Reactions in Phosphate Transfer and Metabolism",0.033,"The enzymatic activities involved in phosphate transfer and metabolic conversions. It covers a range of reactions including acireductone synthase activity, which catalyzes the formation of key intermediates, and various phosphatase activities that remove phosphate groups from inositol and phosphatidylinositol derivatives. Additionally, it highlights the roles of enzymes like glyceraldehyde-3-phosphate dehydrogenase and transaldolase in carbohydrate metabolism. These enzymatic processes are crucial for maintaining cellular phosphate balance and supporting metabolic pathways."
"MF","Enzymatic Activities in Cholesterol and Retinoid Metabolism",0.033,"Various enzymatic activities involved in cholesterol and retinoid metabolism. Key reactions include the hydroxylation of cholesterol to produce 7alpha-hydroxycholesterol and the epoxidation of anandamide at different positions, influencing lipid signaling pathways. Additionally, the metabolism of leukotrienes and steroids through monooxygenase and hydroxylase activities plays critical roles in inflammation and hormonal regulation. Enzymes like hydroxymethylglutaryl-CoA reductase and heme oxygenase are crucial for cholesterol synthesis and heme degradation, respectively, highlighting their importance in maintaining metabolic balance."
"CC","Key Multi-Protein Complexes in Cellular Processes and Membrane Dynamics",0.033,"Multi-protein complexes are crucial for various cellular functions. The npBAF and nBAF complexes, found in neural cells, regulate gene expression and dendrite growth. The cohesin complex maintains sister chromatid cohesion, while the TIM22 and TIM23 complexes are involved in mitochondrial protein import. The prefoldin and Smc5-Smc6 complexes assist in protein folding and DNA repair, respectively. Kinesin and myosin V complexes drive intracellular transport. Additionally, the PAN complex degrades mRNA, and the IPAF inflammasome senses pathogens, highlighting the diverse roles of these complexes in maintaining cellular function and integrity."
"CC","Key Mitochondrial Respiratory Chain Complexes and Their Functions",0.033,"Mitochondrial respiratory chain complexes are essential for cellular energy production. Complex I (NADH dehydrogenase) initiates electron transfer and proton pumping, while Complex II (succinate dehydrogenase) links the TCA cycle with the electron transport chain. Complex III (cytochrome bc1) and Complex IV (cytochrome c oxidase) further transfer electrons and pump protons to generate a proton gradient. Complexes like the pyruvate dehydrogenase and oxoglutarate dehydrogenase complexes facilitate key metabolic reactions. Together, these complexes form the respirasome, crucial for oxidative phosphorylation."
"CC","Diverse Protein Complexes in Chromatin Remodeling and GPI-anchor Biosynthesis",0.032,"Various protein complexes crucial for chromatin remodeling and cellular processes. The SAGA and NSL complexes, for example, play roles in histone acetylation, affecting gene expression and chromatin structure. The GPI-anchor complexes, including GPI-GnT and GPI-anchor transamidase, are involved in anchoring proteins to cell membranes. The R2TP complex, known for its involvement in assembly and maintenance of large protein complexes, and the PRC1 complex, which contributes to chromatin silencing, highlight the diverse functions these complexes perform in regulating gene expression and cellular function."
"MF","Enzymatic Reactions in Glycoprotein and Glycolipid Synthesis: Transferases and Their Functions",0.031,"Various enzymatic activities involved in glycoprotein and glycolipid synthesis. Key enzymes include beta-galactosyl-N-acetylglucosaminyltransferase and alpha-2,3-sialyltransferase, which facilitate the addition of specific sugar residues to glycoproteins and glycolipids. These transferases catalyze the transfer of sugars such as N-acetylglucosamine, galactose, and sialic acid to acceptor molecules, contributing to the complex structures of glycosylated molecules. These reactions are vital for cellular recognition, signaling, and interaction."
"MF","Regulation of Protein Phosphorylation and G-Protein Coupled Receptor Activity",0.031,"Key regulatory enzymes and receptors involved in cellular signaling and metabolism. It highlights protein kinases and phosphatases, such as those catalyzing the phosphorylation and dephosphorylation of serine, threonine, and tyrosine residues, which regulate various cellular processes. Additionally, it covers calmodulin-dependent and cyclin-dependent kinases, and calcium-dependent phosphatases. The role of G-protein-coupled receptors (GPCRs) in signaling pathways is also emphasized, including their interactions with neurotransmitters, chemoattractants, and other ligands, influencing cellular responses through G-protein activation."
"MF","Mechanisms of Protein Modification by Ubiquitin, SUMO, and Ubiquitin-like Ligases",0.03,"The enzymatic activities involved in protein modification through ubiquitin, SUMO, and ubiquitin-like ligases. These enzymes facilitate the transfer of these modifiers to substrate proteins, impacting various cellular processes. The roles of serine-type and cysteine-type peptidases in hydrolyzing peptide bonds are also examined. Understanding these mechanisms is crucial for comprehending how cells regulate protein function, stability, and signaling pathways, especially in processes like apoptosis and protein degradation."
"MF","Diverse Enzymatic Functions in tRNA Modification and Protein Synthesis",0.03,"The variety of enzymatic activities involved in tRNA modification and protein synthesis. Key functions include tRNA pseudouridine synthase, which converts uridine to pseudouridine, and peptidyltransferase, which facilitates peptide bond formation. Additional activities include formylation of methionyl-tRNA and acetylation of uridine in tRNA. Enzymes like glutamate-tRNA ligase and isoleucine-tRNA ligase play crucial roles in aminoacyl-tRNA synthesis. These processes are essential for accurate protein synthesis and tRNA maturation, impacting overall cellular function and protein translation."
"MF","Enzymatic Mechanisms of Glycoprotein and Glycolipid Mannosylation and Glucosylation",0.029,"The enzymatic activities involved in the biosynthesis of glycoproteins and glycolipids, focusing on mannosyltransferases and glucosyltransferases. These enzymes, such as dolichyl-P-Man and GDP-Man-dependent mannosyltransferases, facilitate the transfer of mannose and glucose residues to lipid-linked oligosaccharides. These processes are crucial for N-linked glycosylation and the formation of complex carbohydrates essential for cell function and communication. Understanding these activities provides insights into the biochemical pathways underlying glycoprotein and glycolipid synthesis and their implications in cellular processes and disease."
"MF","Enzymatic Reactions Involving ATP Hydrolysis and Carboxylase Activity",0.029,"Various enzyme activities critical for cellular metabolism and energy transfer. It includes biotin-dependent carboxylases such as propionyl-CoA, acetyl-CoA, and methylcrotonoyl-CoA carboxylases, which are vital for fatty acid metabolism. The role of ATP hydrolysis in driving biochemical reactions and transport processes is highlighted. Additionally, the activity of ATP-dependent protein kinases and phosphatases, including DNA-dependent protein kinase and protein kinase C, is discussed. Other enzymes like cyclic ADP-ribose hydrolase and CTP synthase are involved in nucleotide metabolism and signaling."
"CC","Key Transcription Complexes and Their Roles in Gene Regulation",0.029,"Transcription complexes are vital for accurate gene expression. TFIID, comprising TATA-binding protein and associated factors, initiates transcription by recognizing promoter elements. RNA polymerase complexes, including I, II, and III, are responsible for synthesizing rRNA, mRNA, and tRNA, respectively. The super elongation complex and transcription elongation factors like DSIF enhance RNA polymerase II activity. Chromatin remodeling complexes such as ACF, RSF, and NURF regulate transcription by modifying nucleosome positioning. Additionally, the transcription export complex (TREX) links transcription to mRNA export, ensuring efficient gene expression and processing."
"MF","Diverse Mechanisms of Active Transport and Their Roles in Cellular Transport",0.026,"Active transport systems facilitate the movement of various substances across cellular membranes against their concentration gradients. Secondary active transporters utilize chemiosmotic energy to transfer molecules such as sulfate, pyruvate, and citrate, through symport or antiport mechanisms. Primary active transporters, like ATPase-coupled transporters, use direct energy sources such as ATP hydrolysis. These transporters are crucial for processes including nutrient uptake, ion balance, and waste removal, maintaining cellular homeostasis and function across diverse conditions."
"MF","Roles of Retinal, Vitamin D, and Ion Channels in Cellular Functions",0.026,"The interactions of retinal, vitamin D, and various ion channels in cellular processes. Retinal forms, including all-trans and 11-cis retinal, are crucial for vision, participating in the light-induced conversion of rhodopsin. Vitamin D binding impacts calcium metabolism and overall health. Additionally, various ion channels facilitate the diffusion of ions like sodium, calcium, and chloride across membranes, crucial for maintaining cellular functions. The facilitated diffusion of molecules such as glycerol and urea through specific channels also highlights their importance in cellular homeostasis."
"MF","Histone Methylation and Acetylation: Mechanisms and Enzymatic Activities",0.024,"Biochemical processes involved in histone methylation and acetylation. Histone methyltransferases add methyl groups to specific arginine and lysine residues on histones, influencing gene expression and chromatin structure. For instance, histone H3K4 and H4K20 methylation are key in transcription regulation. Additionally, histone acetyltransferases and deacetylases modulate acetyl groups on lysine residues, impacting chromatin accessibility and gene activity. These modifications are crucial for cellular processes including gene expression regulation and epigenetic memory."
"MF","Role of Voltage-Gated and Inward Rectifier Channels in Cardiac Action Potentials",0.02,"The roles of various voltage-gated and inward rectifier ion channels in regulating cardiac action potentials. These channels, including those for potassium, sodium, and calcium, are essential for the depolarization and repolarization phases in different cardiac cells such as SA node, AV node, Purkinje fibers, and atrial muscle cells. Their precise function and regulation ensure the proper electrical activity necessary for coordinated heartbeats, highlighting their importance in cardiac physiology and potential targets for treating arrhythmias."
